{"cameraMode":{"drawMode":0,"name":"Shaded","section":"Shading Mode"},"sceneLighting":false,"audioPlay":false,"sceneViewState":{"showFog":true,"showMaterialUpdate":false,"showSkybox":true,"showFlares":true,"showImageEffects":true,"showParticleSystems":true},"in2DMode":false,"pivot":{"x":0.011838197708129883,"y":1.169316053390503,"z":0.007642030715942383},"rotation":{"x":0.26077255606651308,"y":0.03503106161952019,"z":-0.009469260461628437,"w":0.9647180438041687},"size":16.12383460998535,"orthographic":false}