{"cameraMode":{"drawMode":0,"name":"Shaded","section":"Shading Mode"},"sceneLighting":false,"audioPlay":false,"sceneViewState":{"showFog":true,"showMaterialUpdate":false,"showSkybox":true,"showFlares":true,"showImageEffects":true,"showParticleSystems":true},"in2DMode":false,"pivot":{"x":-24.500383377075197,"y":-2.9602651596069338,"z":2.8552513122558595},"rotation":{"x":-0.3705308437347412,"y":-0.03148064389824867,"z":0.012566945515573025,"w":-0.9282014966011047},"size":21.487995147705079,"orthographic":false}