{"cameraMode":{"drawMode":0,"name":"Shaded","section":"Shading Mode"},"sceneLighting":false,"audioPlay":false,"sceneViewState":{"showFog":true,"showMaterialUpdate":false,"showSkybox":true,"showFlares":true,"showImageEffects":true,"showParticleSystems":true},"in2DMode":false,"pivot":{"x":-27.988439559936525,"y":5.557494163513184,"z":-23.458024978637697},"rotation":{"x":-0.038663141429424289,"y":0.9597635865211487,"z":-0.22269859910011292,"w":-0.16662654280662538},"size":13.045427322387696,"orthographic":false}