{"cameraMode":{"drawMode":0,"name":"Shaded","section":"Shading Mode"},"sceneLighting":false,"audioPlay":false,"sceneViewState":{"showFog":true,"showMaterialUpdate":false,"showSkybox":true,"showFlares":true,"showImageEffects":true,"showParticleSystems":true},"in2DMode":false,"pivot":{"x":0.024158954620361329,"y":0.07454472780227661,"z":0.37799596786499026},"rotation":{"x":-0.4079567790031433,"y":0.13747023046016694,"z":-0.06228268891572952,"w":-0.90044105052948},"size":2.9363982677459719,"orthographic":false}